Decision,Zauron Gold Standard,Use Zauron Gold Standard (Yes/No),Goal
Does completing assigned peer review count as peer learning activity?,Yes. Every completed assigned review counts.,,Credit the core review work in each radiologist's progress and in the site's compliance record.
Does viewing an interesting case count as peer learning activity?,Yes. Opening an interesting case counts (once per case).,,"Credit case-based learning, not only scoring, so teaching cases count toward participation."
Does flagging a case count as peer learning activity?,Yes. Flagging a case as a Great Call or for quality review counts.,,Encourage radiologists to raise great calls and quality concerns as part of everyday reading.
Does feedback on interesting cases (thumbs up / down) count?,Yes.,,Learn which cases teach well and credit the time radiologists spend on them.
Does viewing a colleague's Great Call count?,Yes. Opening a Great Call from the weekly email counts (once per case).,,Spread good practice by crediting radiologists who learn from colleagues' great calls.
How many cases per week should each radiologist complete?,Target 5 cases per week of activity.,,"Steady, sustainable participation that meets accreditation expectations without adding burden."
What is the most cases a radiologist can be assigned in a week?,10 cases.,,"Cap workload to prevent reviewer fatigue, even in weeks when AI finds many candidate cases."
"Should random cases be included, or only AI-selected cases?",Yes. Include at least 1 random case in every weekly assignment.,,Keep an unbiased baseline sample alongside AI-selected cases for quality metrics and accreditation.
Should AI drive mistake triage (choose likely discrepancies for review)?,Yes. Production AI models select likely discrepancies for review; new models run in test mode before they affect assignments.,,Spend reviewer time on the cases most likely to hold a learning opportunity.
How confident must an AI model be before a case is shown?,Start each model at a 0.5 display threshold and adjust from review outcomes.,,"Enough true findings to be worth reviewing, few enough false alarms to keep radiologists' trust."
"Should original authors be told about potential errors (AI-detected, before peer review)?",Yes. Turn on the self-review pathway so authors privately receive AI-confirmed potential discrepancies on their own reports.,,"Fast, private, non-punitive feedback that lets radiologists self-correct and addend."
Should original authors be told about confirmed errors (discrepant peer review)?,Yes. Notify the original author for every discrepant peer review response.,,Close the loop so every confirmed discrepancy becomes a learning moment for the author.
Should a Quality Champion be told about significant discrepancies?,Yes. Notify the original author and the domain champion for moderate (2b) and higher discrepancies.,,Make sure clinically significant discrepancies get timely follow-up from quality leadership.
Should original authors be told about their Great Calls?,Yes. Notify the original author of every Great Call.,,"Positive reinforcement: recognize excellent reads, not only errors."
Who adjudicates flagged and disputed cases?,"One or more Quality Champions covering each subspecialty, given the Champion role.",,"A clear, qualified owner for every escalation and discrepancy decision."
Should system outputs drive peer learning conferences?,"Yes. Build M&M and topic-driven conferences from Guardian Search (M&M / Discrepancy, Critical Findings, MIPS / Quality) and export the case basket to PowerPoint.",,Turn individual reviews into group learning built from your own local cases.
Which peer review scores count as discrepancies (and feed M&M)?,"Use the RADPEER-style scale as shipped: minor, moderate, major and complete-discordance scores count as discrepant.",,"A consistent, recognized definition of discrepancy across reviewers, reports and conferences."
Should reviewers have to comment on discrepant scores?,Yes. Require a comment for every discrepant score.,,Comments make a case teachable at conference and actionable for the author.
What should the interesting cases (teaching file) emphasize?,Each weekly email shows 5 For You cases matched to the radiologist's own practice plus 5 top-scoring cases site-wide.,,A living teaching file: relevant to each radiologist's practice and showing the site's most instructive cases.
How many Great Calls should appear in the weekly email?,5.,,Celebrate and share excellent reads across the group every week.
Should leadership receive a monthly compliance summary?,Yes. Turn on the automatic monthly email to administrators and Champions.,,Keep leadership informed of participation and quality trends without manual reporting.
